{"entities":{"pages":{"Organizzazione-di-un-impresa":{"id":"Organizzazione-di-un-impresa","title":"Organizzazione di un\u0027impresa","url":"organizzazione-di-un-impresa.html","level":0,"tabIndex":0},"Intranet-ed-extranet":{"id":"Intranet-ed-extranet","title":"Intranet ed extranet","url":"intranet-ed-extranet.html","level":0,"tabIndex":1},"Il-sistema-informativo-aziendale":{"id":"Il-sistema-informativo-aziendale","title":"Il sistema informativo aziendale","url":"il-sistema-informativo-aziendale.html","level":0,"tabIndex":2},"Funzioni-aziendali":{"id":"Funzioni-aziendali","title":"Funzioni aziendali","url":"funzioni-aziendali.html","level":0,"tabIndex":3},"I-processi-aziendali":{"id":"I-processi-aziendali","title":"I processi aziendali","url":"i-processi-aziendali.html","level":0,"tabIndex":4},"Il-sistema-informatico":{"id":"Il-sistema-informatico","title":"Il sistema informatico","url":"il-sistema-informatico.html","level":0,"tabIndex":5},"Le-reti-aziendali":{"id":"Le-reti-aziendali","title":"Le reti aziendali","url":"le-reti-aziendali.html","level":0,"tabIndex":6}}},"topLevelIds":["Organizzazione-di-un-impresa","Intranet-ed-extranet","Il-sistema-informativo-aziendale","Funzioni-aziendali","I-processi-aziendali","Il-sistema-informatico","Le-reti-aziendali"]}